Kd,system,name,sequence,-log10(Kd),study,mutants,wt_seq,pdb,chain,neg_delta_log10_Kd,pe_wt,pe_mt,log_proba_wt,log_proba_mt,pe_mt__minus__pe_wt,log_proba_mt__minus__log_proba_wt
4.93,NY-ESO-1,NYE 9V,SLLMWITQV,-0.7750897078542492,pettmann_et_al|aleksic_et_al,S1S,SLLMWITQV,2bnq,C,0.0,0.8017168,0.8017168,-2.5724602,-2.5724602,0.0,0.0
6.28,NY-ESO-1,NYE 3A,SLAMWITQV,-0.8087517896395324,pettmann_et_al|aleksic_et_al,L3A,SLLMWITQV,2bnq,C,-0.0336620817852831,3.487557,-3.0757422,-0.54663086,-7.10993,-6.563299,-6.563299
22.8,NY-ESO-1,NYE 6V,SLLMWVTQV,-1.3066036760518798,pettmann_et_al|aleksic_et_al,I6V,SLLMWITQV,2bnq,C,-0.5315139681976305,2.6603806,2.2466333,-1.0427911,-1.4565384,-0.4137473,-0.4137473
47.3,NY-ESO-1,NYE 3Y,SLYMWITQV,-1.575991197728737,pettmann_et_al|aleksic_et_al,L3Y,SLLMWITQV,2bnq,C,-0.8009014898744878,3.487557,-2.7177365,-0.54663086,-6.7519245,-6.2052937,-6.2052937
140.0,NY-ESO-1,NYE 4D,SLLDWITQV,-2.2737642882298914,pettmann_et_al|aleksic_et_al,M4D,SLLMWITQV,2bnq,C,-1.498674580375642,1.0632083,-0.2067992,-3.4691706,-4.739178,-1.2700075,-1.2700076
162.0,NY-ESO-1,NYE 6T,SLLMWTTQV,-2.1069181941626365,pettmann_et_al|aleksic_et_al,I6T,SLLMWITQV,2bnq,C,-1.3318284863083871,2.6603806,0.9413308,-1.0427911,-2.7618408,-1.7190498,-1.7190497
299.0,NY-ESO-1,NYE 4A,SLLAWITQV,-2.4756711883244296,pettmann_et_al,M4A,SLLMWITQV,2bnq,C,-1.7005814804701802,1.0632083,-1.6262066,-3.4691706,-6.1585855,-2.689415,-2.689415
433.0,NY-ESO-1,NYE 5Y,SLLMYITQV,-2.6364878963533656,pettmann_et_al,W5Y,SLLMWITQV,2bnq,C,-1.861398188499116,10.478841,5.893279,-0.015135795,-4.6006975,-4.5855618,-4.5855618
1309.0,NY-ESO-1,NYE 5F,SLLMFITQV,-3.116939646550756,pettmann_et_al,W5F,SLLMWITQV,2bnq,C,-2.3418499386965066,10.478841,5.1290765,-0.015135795,-5.3649,-5.3497643,-5.3497643
14.0,NY-ESO-1,,SLLMWITQC,-1.146128035678238,aleksic_et_al,V9C,SLLMWITQV,2bnq,C,-0.3710383278239887,2.8977485,-0.75348073,-1.6643623,-5.315592,-3.6512291,-3.6512294
56.0,NY-ESO-1,,SLLMWITQL,-1.7481880270062005,aleksic_et_al,V9L,SLLMWITQV,2bnq,C,-0.9730983191519512,2.8977485,4.1862116,-1.6643623,-0.37589923,1.2884631,1.2884631
17.0,NY-ESO-1,,SLIMWITQV,-1.230448921378274,aleksic_et_al,L3I,SLLMWITQV,2bnq,C,-0.4553592135240248,3.487557,0.504522,-0.54663086,-3.5296657,-2.9830348,-2.9830348
9.2,NY-ESO-1,,SLMMWITQV,-0.9637878273455552,aleksic_et_al,L3M,SLLMWITQV,2bnq,C,-0.188698119491306,3.487557,2.7213151,-0.54663086,-1.3128726,-0.7662418,-0.7662418
100.0,NY-ESO-1,,SLLMWIHQV,-2.0,aleksic_et_al,T7H,SLLMWITQV,2bnq,C,-1.2249102921457506,2.738503,-2.0221317,-0.9002638,-5.660898,-4.7606344,-4.7606344
