,C,M,F,I,L,V,W,Y,A,G,T,S,N,Q,D,E,H,R,K,P
C,0.0,-0.3736145662344419,-0.5337961062101217,-0.18308819408600147,-0.20412193986085744,-0.20004780446680692,-0.6827423659654764,-0.712613557943931,-0.3182717210512895,-1.1941382487920615,-0.7058594644069671,-0.8513758265972138,-1.2985719137008374,-1.2408481318217057,-1.5039777771326213,-1.4249764085732974,-1.0970689537891976,-1.2947157866221208,-1.3655073902240167,-1.7380588402197912
M,-0.5489561356940216,0.0,-0.39683663038382855,-0.05579329543235831,0.14661613315487407,-0.443935850817234,-0.6487062460553825,-0.6934324360375566,-1.0512103670017612,-1.7720795014691084,-1.1649864124120177,-1.4572712351897157,-1.6072240369604494,-1.2800376017234827,-1.7811569303442212,-1.5056165260423844,-1.3252190002765423,-1.319152374324718,-1.3913488677961934,-2.02509680197091
F,-1.290388983496724,-1.1532598306651078,0.0,-1.1624787968203623,-0.9928309090018383,-1.4800548048381654,-0.5921204961523764,-0.41739395249235994,-1.9678646199909793,-2.3954494139600975,-1.988921564962621,-2.184466265404932,-2.2654679963970077,-2.2563408988192974,-2.435798342505583,-2.2954702353577545,-1.8062551731114647,-2.13449560225123,-2.2275341486484708,-2.4163316228290443
I,-1.3417953615229423,-1.037035245723126,-1.2803817479918698,0.0,-0.5595731230425433,-0.49364120581862847,-1.5563827014175566,-1.5911575686059927,-1.847666096819766,-2.5616965685495607,-1.8827201537851226,-2.3418500245334157,-2.506827423739026,-2.3172974646646076,-2.6587019612750558,-2.498651793928099,-2.258139218320851,-2.2493654785096586,-2.3048679242106846,-2.6132274588733346
L,-1.148220390911254,-0.6846696713358107,-0.983946307540358,-0.4682333338490826,0.0,-0.9696095785508113,-1.2901759851982688,-1.3923563761749425,-1.7128993109482251,-2.3008591714840927,-1.7895410639634703,-2.105111459373615,-2.2065695990247645,-2.0316421592411484,-2.306936970515884,-2.151208299478667,-2.0080278556979287,-2.0165593218873035,-2.033564186447748,-2.38731219261616
V,-0.8705517088767342,-0.9406182918959654,-1.068265755668174,0.06845192365958161,-0.5851023188962168,0.0,-1.237276680230995,-1.2405238194665615,-1.282859517860053,-2.1525508276067713,-1.325004795245406,-1.7951604762708169,-2.1035365247336517,-1.8963481680229712,-2.263687028289248,-2.0560604846528565,-1.796389917747596,-1.8488015314273811,-1.9110114170422494,-2.3007550406658863
W,-1.2694352264818145,-1.249934926004992,-0.45325053430271417,-1.23519895832965,-1.1715946074323198,-1.5040961671274309,0.0,-0.5452632295694261,-1.8857164774686865,-2.363256383864828,-1.9448683498953352,-2.08775302611035,-2.1418181679843737,-2.0469317843060337,-2.303771482934568,-2.174537941566639,-1.6953500365327066,-1.914679435931317,-2.1419847229785947,-2.4065138663090115
Y,-1.0011204280425157,-0.9631295286077586,0.030774058531740773,-0.9888629155668922,-0.8532045555732907,-1.2576638523283419,-0.2316544662441995,0.0,-1.597056132621334,-2.0778824910978066,-1.6553727458270788,-1.7626533382764547,-1.8168201430735658,-1.7745653218746804,-2.0737006949132524,-1.87604162288512,-1.2732326979882496,-1.644456694659972,-1.77419347638158,-2.2041737787496865
A,-0.45173820466162945,-0.5955456955238293,-0.7959609743507202,-0.589933643021328,-0.6429762554394515,-0.565062865903548,-0.7995756118209162,-0.8506193221541887,0.0,-1.036002259625528,-0.8887477590932049,-0.6718110536955343,-1.3775720140126986,-1.1881613587574278,-1.5240731806998782,-1.3508010378870912,-1.1793534453856507,-1.251810104321642,-1.303925961181994,-1.9178208706325093
G,-0.45354610969651166,-0.7468385108971456,-0.7869930057294177,-1.0119471185163527,-0.757269514814073,-1.0223132758269908,-0.8428762419407972,-0.8353508824100828,-0.6197104744569691,0.0,-1.08870061798529,-0.8568860039459336,-0.9570439469386566,-1.016005070094569,-1.239414559144319,-1.2006859637149054,-0.9220702582444208,-1.0805076104479931,-1.0662147572288245,-1.6604240195317683
T,-0.014747349803979608,-0.10418070332029494,-0.2940062843088799,0.10323391627925688,-0.0025539484322535996,0.06143604989008115,-0.3609611713058677,-0.35767689005540054,-0.27128775106298386,-0.9757975770186709,0.0,-0.41359175713776425,-0.7547317486889835,-0.638878595508205,-0.9871783831887609,-0.8094796166172638,-0.6283914499600852,-0.6836990002955364,-0.741830829315922,-1.492728486982597
S,0.07503604047054792,-0.10970696069463326,-0.2675426526878872,-0.1916405466568731,-0.17893666520605991,-0.18359873799511986,-0.2812929981598889,-0.2672927578652862,0.09566939557990889,-0.48414100945866023,-0.11099509792606325,0.0,-0.4334991799001276,-0.4035881681381351,-0.6063258657707785,-0.5477971344316093,-0.36621565760052116,-0.4707509502224679,-0.5074580023976138,-1.3470510842808843
N,0.21917083122066616,0.06715364069053807,-0.02963607415710528,-0.010665248466905244,0.08209072823069759,-0.1025167477192338,-0.07515190950374014,-0.02609135846501773,-0.09655767384263658,-0.5324981321379082,-0.1528291951135262,-0.12887502761231256,0.0,-0.18834374946417268,-0.2884166910476291,-0.32838491828171246,-0.08397597105232711,-0.20518971859794302,-0.2668441424664763,-1.2877886142927346
Q,0.13974758557930678,0.32852852230300444,-0.0015227122934992467,0.21182489526753653,0.32167295701132564,0.03646843051482104,-0.00823999050848498,0.0017738318015001534,-0.06421040824787345,-0.6991072288530316,-0.1825116085435102,-0.28363113838755444,-0.39951554793797567,0.0,-0.6205600022555825,-0.24664092292328796,-0.18504851142803352,-0.059441353389602936,-0.11203817935760864,-1.375666978473435
D,-0.01438892843610206,-0.25080315535815656,-0.33469641562058805,-0.35631955608227295,-0.2811649240593934,-0.4112024047581441,-0.3198052875662851,-0.3177021572809568,-0.28105236607289424,-0.664294116755203,-0.36122217858977856,-0.2919529228823181,-0.26122834816181084,-0.338089747861329,0.0,-0.19959515742204423,-0.3336882195080606,-0.5661162281319105,-0.5608014977576202,-1.2368996830810655
E,0.04195424000970512,0.07058620775197376,-0.14636703440979296,-0.01585111241017747,0.06797786568684816,-0.13023633188514255,-0.13868850254392745,-0.1082853423443471,-0.12991844979383826,-0.6975407088043907,-0.22476733686337882,-0.2937618331345269,-0.38921562987780234,-0.08592319020831692,-0.3478431675549649,0.0,-0.2474163041398675,-0.281153197188662,-0.29313644184342397,-1.3646032308181688
H,0.02356343749563704,-0.039291952906349896,0.29691937423277237,-0.13810973520944958,0.0005179820092100846,-0.25195337838006887,0.18892644152708865,0.3227593659966249,-0.32866182923316956,-0.8482073483920773,-0.46131234214856076,-0.4597692732144947,-0.4683837751869248,-0.44072481072866,-0.7510647441935443,-0.5708250894478941,0.0,-0.4227500106641638,-0.49572268960929594,-1.2748104868388852
R,-0.24387203889702438,-0.06035112107018812,-0.2689294345335129,-0.1589414555271831,-0.03890521255655026,-0.3448262540298864,-0.26814707389118475,-0.23891071841257427,-0.5188749407136112,-1.12015284291648,-0.572289925348868,-0.7054798493418125,-0.7971505240289443,-0.469291717606947,-1.266983860321001,-0.902666910443831,-0.5152673719946398,0.0,-0.21637729485647395,-1.6766156593320567
K,-0.06811313625633893,0.05309628490853099,-0.16033967995362297,-0.05456082194296308,0.050121259087130735,-0.20180285205531612,-0.17851586349770032,-0.11758697384578289,-0.2584024797850302,-0.8476431277033853,-0.34472700074359025,-0.4328057749696889,-0.5129440786827982,-0.2055333038698607,-0.8759392972892717,-0.5391461020198192,-0.27307952311889966,0.05948672208462493,0.0,-1.5868826003464978
P,-0.4724596373898126,-0.6682813362577261,-0.7292976062986758,-0.5982271162913991,-0.6026479909881884,-0.6334686986231185,-0.7012282298692377,-0.7484942617289948,-0.5525455361256352,-0.9990854166738399,-0.8418372040122618,-0.8269702142902783,-1.0632992279413458,-0.8949524300890568,-1.0678228869002102,-0.917196240821184,-0.88805371976389,-0.9389468526878915,-0.8902087311143483,0.0
