,G,A,C,S,P,T,V,D,I,L,N,M,Q,K,E,H,F,R,Y,W
1,0.0,0.0,0.0,0.0,0.0,0.0,0.0,0.0,0.005,0.025,0.0,0.04,0.025,0.0,0.015,0.045,0.49,0.0,0.355,0.0
2,0.0,0.005,0.0,0.0,0.995,0.0,0.0,0.0,0.0,0.0,0.0,0.0,0.0,0.0,0.0,0.0,0.0,0.0,0.0,0.0
3,0.0,0.005,0.015,0.0,0.0,0.01,0.04,0.0,0.035,0.165,0.0,0.035,0.0,0.0,0.0,0.03,0.52,0.0,0.135,0.01
4,1.0,0.0,0.0,0.0,0.0,0.0,0.0,0.0,0.0,0.0,0.0,0.0,0.0,0.0,0.0,0.0,0.0,0.0,0.0,0.0
5,0.0,0.0,0.0,0.0,0.015,0.0,0.0,0.025,0.01,0.11,0.025,0.065,0.21,0.12,0.07,0.04,0.025,0.235,0.04,0.01
6,0.25,0.465,0.005,0.265,0.0,0.0,0.0,0.005,0.0,0.0,0.01,0.0,0.0,0.0,0.0,0.0,0.0,0.0,0.0,0.0
7,0.0,0.015,0.0,0.01,0.015,0.03,0.03,0.725,0.0,0.0,0.165,0.0,0.005,0.0,0.005,0.0,0.0,0.0,0.0,0.0
8,0.0,0.0,0.0,0.0,0.0,0.0,0.0,0.0,0.0,0.0,0.0,0.0,0.0,0.0,0.0,0.045,0.275,0.0,0.625,0.055
9,0.0,0.0,0.0,0.0,0.0,0.0,0.0,0.0,0.0,0.0,0.0,0.0,0.0,0.0,0.0,0.025,0.02,0.025,0.03,0.9
10,0.0,0.0,0.01,0.03,0.025,0.19,0.11,0.03,0.04,0.015,0.055,0.02,0.21,0.005,0.255,0.005,0.0,0.0,0.0,0.0
11,0.0,0.0,0.0,0.0,0.0,0.0,0.0,0.0,0.0,0.0,0.0,0.01,0.0,0.0,0.0,0.015,0.33,0.0,0.64,0.005
