mutant,is_wt,IFN_gamma (pg/ml),wt_pdb,mt_pdb,mutant_chain,MFI,log_p_wt,log_p_mt,log_p_mt__minus__log_p_wt
H1A,False,11274.8,6w51-filtered,,F,1862387.0,-1.5308499,-2.4092832,-0.8784332
H1I,False,10353.6,6w51-filtered,,F,1646427.0,-1.5308499,-4.30005,-2.7691998
H1L,False,10299.4,6w51-filtered,,F,1618123.0,-1.5308499,-3.888136,-2.357286
H1M,False,10435.3,6w51-filtered,,F,1761837.0,-1.5308499,-1.2305806,0.30026937
H1F,False,9548.1,6w51-filtered,,F,1773662.0,-1.5308499,-4.8089485,-3.2780986
H1V,False,9997.38,6w51-filtered,,F,1749600.5,-1.5308499,-4.4931464,-2.9622965
H1P,False,2983.2,6w51-filtered,,F,1433965.5,-1.5308499,-4.6590595,-3.1282096
H1G,False,9091.2,6w51-filtered,,F,1521694.0,-1.5308499,-3.101438,-1.5705881
H1W,False,9632.4,6w51-filtered,,F,1684389.5,-1.5308499,-5.2058706,-3.6750207
H1R,False,10046.4,6w51-filtered,,F,1695378.5,-1.5308499,-3.5231986,-1.9923487
H1H,True,10596.0,6w51-filtered,,F,1666759.0,-1.5308499,-1.5308499,0.0
H1K,False,9520.1,6w51-filtered,,F,1480225.0,-1.5308499,-3.5873523,-2.0565023
H1D,False,2701.4,6w51-filtered,,F,1331117.5,-1.5308499,-4.0344496,-2.5035996
H1E,False,3769.8,6w51-filtered,,F,1544031.0,-1.5308499,-3.907685,-2.376835
H1N,False,8951.1,6w51-filtered,,F,1665008.0,-1.5308499,-3.560862,-2.0300121
H1Q,False,10106.1,6w51-filtered,,F,1683252.5,-1.5308499,-4.127902,-2.597052
H1S,False,9967.6,6w51-filtered,,F,1681587.5,-1.5308499,-2.3896883,-0.8588383
H1T,False,9586.7,6w51-filtered,,F,1676779.5,-1.5308499,-3.796524,-2.265674
H1Y,False,10566.02,6w51-filtered,,F,1710437.5,-1.5308499,-4.5844445,-3.0535946
H1C,False,10677.0,6w51-filtered,,F,1486729.5,-1.5308499,-4.488293,-2.9574432
M2A,False,2096.5,6w51-filtered,,F,1304208.0,-2.1567047,-4.7184134,-2.5617087
M2I,False,4220.0,6w51-filtered,,F,1628329.0,-2.1567047,-3.413176,-1.2564714
M2L,False,9686.2,6w51-filtered,,F,1658871.0,-2.1567047,-0.48721212,1.6694925
M2M,True,10596.0,6w51-filtered,,F,1666759.0,-2.1567047,-2.1567047,0.0
M2F,False,1345.7,6w51-filtered,,F,1253565.5,-2.1567047,-3.4851964,-1.3284917
M2V,False,2628.38,6w51-filtered,,F,1452494.0,-2.1567047,-3.510622,-1.3539174
M2P,False,1053.0,6w51-filtered,,F,1241385.0,-2.1567047,-3.257695,-1.1009903
M2G,False,858.0,6w51-filtered,,F,1264208.0,-2.1567047,-4.9393435,-2.7826388
M2W,False,651.9,6w51-filtered,,F,1241080.0,-2.1567047,-5.1623755,-3.0056708
M2R,False,1667.5,6w51-filtered,,F,1292675.0,-2.1567047,-5.4045143,-3.2478096
M2H,False,1574.7,6w51-filtered,,F,1269042.5,-2.1567047,-4.6616087,-2.504904
M2K,False,1667.9,6w51-filtered,,F,1363973.0,-2.1567047,-5.051042,-2.8943374
M2D,False,1225.1,6w51-filtered,,F,1198899.0,-2.1567047,-5.317241,-3.1605365
M2E,False,1106.0,6w51-filtered,,F,1281076.0,-2.1567047,-5.248005,-3.0913002
M2N,False,3540.4,6w51-filtered,,F,1313672.0,-2.1567047,-4.893129,-2.7364242
M2Q,False,4106.9,6w51-filtered,,F,1588820.0,-2.1567047,-4.6567907,-2.500086
M2S,False,1757.2,6w51-filtered,,F,1281944.5,-2.1567047,-4.5407844,-2.3840797
M2T,False,2821.7,6w51-filtered,,F,1357793.0,-2.1567047,-3.3643699,-1.2076652
M2Y,False,582.25,6w51-filtered,,F,1296382.5,-2.1567047,-4.9233685,-2.7666638
M2C,False,3007.4,6w51-filtered,,F,1271300.0,-2.1567047,-5.3038754,-3.1471708
T3A,False,1409.5,6w51-filtered,,F,1685454.0,-0.52480286,-5.411873,-4.88707
T3I,False,570.6,6w51-filtered,,F,1666560.0,-0.52480286,-5.155054,-4.6302514
T3L,False,427.8,6w51-filtered,,F,1727415.0,-0.52480286,-5.1255717,-4.600769
T3M,False,370.2,6w51-filtered,,F,1713323.0,-0.52480286,-5.347719,-4.8229165
T3F,False,374.6,6w51-filtered,,F,1660320.5,-0.52480286,-5.533948,-5.0091453
T3V,False,375.66,6w51-filtered,,F,1615177.5,-0.52480286,-5.2077246,-4.682922
T3P,False,366.7,6w51-filtered,,F,1701859.0,-0.52480286,-1.3424222,-0.8176194
T3G,False,568.1,6w51-filtered,,F,1481326.0,-0.52480286,-5.496027,-4.9712243
T3W,False,491.3,6w51-filtered,,F,1777244.0,-0.52480286,-5.2923703,-4.7675676
T3R,False,539.3,6w51-filtered,,F,1357700.5,-0.52480286,-5.3080554,-4.7832527
T3H,False,473.1,6w51-filtered,,F,1620130.0,-0.52480286,-5.627162,-5.1023593
T3K,False,422.6,6w51-filtered,,F,1394598.0,-0.52480286,-5.2702785,-4.745476
T3D,False,509.4,6w51-filtered,,F,1712872.0,-0.52480286,-4.7230062,-4.1982036
T3E,False,1139.2,6w51-filtered,,F,1472196.5,-0.52480286,-5.068452,-4.543649
T3N,False,507.6,6w51-filtered,,F,1614245.5,-0.52480286,-4.8952928,-4.37049
T3Q,False,484.0,6w51-filtered,,F,1546613.5,-0.52480286,-5.4514766,-4.926674
T3S,False,4968.1,6w51-filtered,,F,1573999.0,-0.52480286,-2.9763038,-2.451501
T3T,True,10596.0,6w51-filtered,,F,1666759.0,-0.52480286,-0.52480286,0.0
T3Y,False,395.12,6w51-filtered,,F,1658684.0,-0.52480286,-5.256429,-4.7316265
T3C,False,668.5,6w51-filtered,,F,1534112.0,-0.52480286,-5.532408,-5.0076056
E4A,False,477.7,6w51-filtered,,F,1504253.0,-3.2203946,-3.9783447,-0.75795007
E4I,False,415.7,6w51-filtered,,F,1195168.5,-3.2203946,-5.1156693,-1.8952746
E4L,False,370.2,6w51-filtered,,F,1446267.5,-3.2203946,-4.6419716,-1.421577
E4M,False,360.9,6w51-filtered,,F,1747993.0,-3.2203946,-4.988765,-1.7683702
E4F,False,399.8,6w51-filtered,,F,1528211.5,-3.2203946,-4.6443295,-1.4239349
E4V,False,608.05,6w51-filtered,,F,1217223.0,-3.2203946,-4.68102,-1.4606252
E4P,False,485.4,6w51-filtered,,F,1648325.0,-3.2203946,-4.0619426,-0.84154797
E4G,False,343.8,6w51-filtered,,F,1609909.0,-3.2203946,-3.7879498,-0.5675552
E4W,False,650.6,6w51-filtered,,F,1425690.0,-3.2203946,-2.829011,0.39138365
E4R,False,493.9,6w51-filtered,,F,1417701.0,-3.2203946,-4.417242,-1.1968474
E4H,False,2030.0,6w51-filtered,,F,1585814.0,-3.2203946,-3.887912,-0.6675174
E4K,False,403.7,6w51-filtered,,F,1599106.5,-3.2203946,-4.9178033,-1.6974087
E4D,False,7516.6,6w51-filtered,,F,1727293.0,-3.2203946,-2.3300118,0.89038277
E4E,True,10596.0,6w51-filtered,,F,1666759.0,-3.2203946,-3.2203946,0.0
E4N,False,2022.9,6w51-filtered,,F,1692206.0,-3.2203946,-4.1721144,-0.95171976
E4Q,False,1476.6,6w51-filtered,,F,1560456.5,-3.2203946,-4.5680566,-1.347662
E4S,False,1024.2,6w51-filtered,,F,1571501.0,-3.2203946,-3.4007542,-0.1803596
E4T,False,504.4,6w51-filtered,,F,1635437.0,-3.2203946,-4.17975,-0.95935535
E4Y,False,642.25,6w51-filtered,,F,1697586.0,-3.2203946,-0.56048095,2.6599135
E4C,False,668.6,6w51-filtered,,F,1422964.0,-3.2203946,-4.870454,-1.6500592
V5A,False,638.4,6w51-filtered,,F,1626734.5,-1.3229657,-3.6783555,-2.3553896
V5I,False,2694.3,6w51-filtered,,F,1709340.0,-1.3229657,-2.7861369,-1.4631711
V5L,False,647.4,6w51-filtered,,F,1636075.5,-1.3229657,-5.048223,-3.7252574
V5M,False,1003.4,6w51-filtered,,F,1642482.0,-1.3229657,-5.1995287,-3.876563
V5F,False,433.6,6w51-filtered,,F,1708353.0,-1.3229657,-1.7844054,-0.4614396
V5V,True,10596.0,6w51-filtered,,F,1666759.0,-1.3229657,-1.3229657,0.0
V5P,False,452.9,6w51-filtered,,F,1532089.0,-1.3229657,-5.6505437,-4.327578
V5G,False,292.6,6w51-filtered,,F,1599600.0,-1.3229657,-5.1024027,-3.779437
V5W,False,463.5,6w51-filtered,,F,1794920.0,-1.3229657,-4.36384,-3.0408745
V5R,False,432.5,6w51-filtered,,F,1594146.5,-1.3229657,-5.208748,-3.8857822
V5H,False,469.3,6w51-filtered,,F,1623795.5,-1.3229657,-3.35631,-2.0333443
V5K,False,471.2,6w51-filtered,,F,1562037.0,-1.3229657,-5.1919026,-3.868937
V5D,False,737.2,6w51-filtered,,F,1607780.0,-1.3229657,-4.7016945,-3.3787289
V5E,False,497.4,6w51-filtered,,F,1525211.5,-1.3229657,-4.9508467,-3.627881
V5N,False,410.3,6w51-filtered,,F,1499470.0,-1.3229657,-3.8226132,-2.4996476
V5Q,False,659.6,6w51-filtered,,F,1628092.5,-1.3229657,-4.9601746,-3.637209
V5S,False,440.0,6w51-filtered,,F,1621251.0,-1.3229657,-4.2892756,-2.96631
V5T,False,678.3,6w51-filtered,,F,1580901.0,-1.3229657,-3.5983448,-2.2753792
V5Y,False,514.23,6w51-filtered,,F,1520581.0,-1.3229657,-1.2317934,0.09117234
V5C,False,1194.3,6w51-filtered,,F,1411811.0,-1.3229657,-4.4774914,-3.1545258
V6A,False,1945.1,6w51-filtered,,F,1424002.0,-1.5059948,-3.7619286,-2.2559338
V6I,False,7721.5,6w51-filtered,,F,1650566.0,-1.5059948,-2.4604251,-0.95443034
V6L,False,1749.5,6w51-filtered,,F,1676915.0,-1.5059948,-4.3963156,-2.8903208
V6M,False,2419.8,6w51-filtered,,F,1693337.5,-1.5059948,-3.8068795,-2.3008847
V6F,False,2082.2,6w51-filtered,,F,1682795.0,-1.5059948,-3.5469837,-2.040989
V6V,True,10596.0,6w51-filtered,,F,1666759.0,-1.5059948,-1.5059948,0.0
V6P,False,503.0,6w51-filtered,,F,1419056.0,-1.5059948,-5.5981345,-4.0921397
V6G,False,394.5,6w51-filtered,,F,1579890.0,-1.5059948,-4.0713797,-2.5653849
V6W,False,382.1,6w51-filtered,,F,1660202.0,-1.5059948,-4.6313457,-3.125351
V6R,False,1727.1,6w51-filtered,,F,1308579.0,-1.5059948,-4.687575,-3.18158
V6H,False,1371.7,6w51-filtered,,F,1568083.5,-1.5059948,-3.8763452,-2.3703504
V6K,False,502.9,6w51-filtered,,F,1357166.0,-1.5059948,-4.6213655,-3.1153708
V6D,False,871.3,6w51-filtered,,F,1472987.0,-1.5059948,-2.2861583,-0.7801635
V6E,False,388.5,6w51-filtered,,F,1531170.0,-1.5059948,-3.0421522,-1.5361574
V6N,False,384.7,6w51-filtered,,F,1641245.0,-1.5059948,-3.4042969,-1.8983021
V6Q,False,399.0,6w51-filtered,,F,1545786.0,-1.5059948,-4.6678753,-3.1618805
V6S,False,2906.7,6w51-filtered,,F,1700170.0,-1.5059948,-2.5195155,-1.0135207
V6T,False,4549.3,6w51-filtered,,F,1628823.0,-1.5059948,-1.6042128,-0.098217964
V6Y,False,1477.14,6w51-filtered,,F,1573122.0,-1.5059948,-3.5278752,-2.0218804
V6C,False,1024.7,6w51-filtered,,F,1288976.5,-1.5059948,-3.7195954,-2.2136006
R7A,False,574.0,6w51-filtered,,F,1682703.5,-2.2201905,-2.8982282,-0.67803764
R7I,False,595.7,6w51-filtered,,F,1795377.0,-2.2201905,-3.955309,-1.7351184
R7L,False,480.1,6w51-filtered,,F,1788249.0,-2.2201905,-4.1958575,-1.975667
R7M,False,530.9,6w51-filtered,,F,1739366.0,-2.2201905,-3.8471818,-1.6269913
R7F,False,320.9,6w51-filtered,,F,1806898.0,-2.2201905,-2.4591727,-0.2389822
R7V,False,372.5,6w51-filtered,,F,1593880.0,-2.2201905,-4.0961447,-1.8759542
R7P,False,514.2,6w51-filtered,,F,1763353.5,-2.2201905,-5.718901,-3.4987106
R7G,False,656.7,6w51-filtered,,F,1730716.0,-2.2201905,-4.6282005,-2.40801
R7W,False,395.9,6w51-filtered,,F,1780291.0,-2.2201905,-3.1693435,-0.94915295
R7R,True,10596.0,6w51-filtered,,F,1666759.0,-2.2201905,-2.2201905,0.0
R7H,False,397.1,6w51-filtered,,F,1765683.0,-2.2201905,-1.8535166,0.36667395
R7K,False,744.9,6w51-filtered,,F,1629662.0,-2.2201905,-3.966111,-1.7459204
R7D,False,259.3,6w51-filtered,,F,1745525.0,-2.2201905,-3.2569778,-1.0367873
R7E,False,907.4,6w51-filtered,,F,1635101.0,-2.2201905,-3.3149712,-1.0947807
R7N,False,413.2,6w51-filtered,,F,1669425.0,-2.2201905,-3.2715645,-1.051374
R7Q,False,731.8,6w51-filtered,,F,1787974.0,-2.2201905,-3.269513,-1.0493224
R7S,False,407.5,6w51-filtered,,F,1672008.0,-2.2201905,-3.0675507,-0.84736013
R7T,False,383.0,6w51-filtered,,F,1727805.5,-2.2201905,-2.908808,-0.68861747
R7Y,False,407.26,6w51-filtered,,F,1701937.0,-2.2201905,-1.7520266,0.46816397
R7C,False,1245.4,6w51-filtered,,F,1506523.0,-2.2201905,-4.2622366,-2.042046
H8A,False,444.9,6w51-filtered,,F,1735462.0,-4.106217,-2.440377,1.6658399
H8I,False,404.4,6w51-filtered,,F,1454428.5,-4.106217,-2.9621534,1.1440635
H8L,False,473.8,6w51-filtered,,F,1498920.0,-4.106217,-4.1342173,-0.028000355
H8M,False,1519.2,6w51-filtered,,F,1717211.0,-4.106217,-3.7255406,0.38067627
H8F,False,310.8,6w51-filtered,,F,1734586.0,-4.106217,-4.7465816,-0.64036465
H8V,False,357.35,6w51-filtered,,F,1700682.0,-4.106217,-1.9103485,2.1958685
H8P,False,355.5,6w51-filtered,,F,1779860.5,-4.106217,-1.2699258,2.836291
H8G,False,356.5,6w51-filtered,,F,1796893.5,-4.106217,-4.085117,0.021100044
H8W,False,310.8,6w51-filtered,,F,1722380.5,-4.106217,-5.0222125,-0.9159956
H8R,False,338.6,6w51-filtered,,F,1628702.0,-4.106217,-2.3995094,1.7067075
H8H,True,10596.0,6w51-filtered,,F,1666759.0,-4.106217,-4.106217,0.0
H8K,False,1115.6,6w51-filtered,,F,1684570.0,-4.106217,-3.169097,0.93711996
H8D,False,318.2,6w51-filtered,,F,1729819.0,-4.106217,-4.4217043,-0.31548738
H8E,False,314.1,6w51-filtered,,F,1647037.0,-4.106217,-3.7123337,0.39388323
H8N,False,400.2,6w51-filtered,,F,1742289.5,-4.106217,-4.169072,-0.06285524
H8Q,False,337.2,6w51-filtered,,F,1639002.5,-4.106217,-3.5941308,0.51208615
H8S,False,323.5,6w51-filtered,,F,1678789.0,-4.106217,-3.0172982,1.0889187
H8T,False,908.2,6w51-filtered,,F,1727469.0,-4.106217,-2.827318,1.278899
H8Y,False,482.57,6w51-filtered,,F,1697305.5,-4.106217,-4.6626406,-0.55642366
H8C,False,333.7,6w51-filtered,,F,1647299.0,-4.106217,-5.143721,-1.0375042
C9A,False,6835.5,6w51-filtered,,F,1726495.0,-4.3654056,-3.5818207,0.78358483
C9I,False,8325.3,6w51-filtered,,F,1794306.0,-4.3654056,-2.6671178,1.6982877
C9L,False,3103.2,6w51-filtered,,F,1800492.0,-4.3654056,-1.6662531,2.6991525
C9M,False,2061.5,6w51-filtered,,F,1704173.0,-4.3654056,-2.144754,2.2206516
C9F,False,1207.8,6w51-filtered,,F,1740132.0,-4.3654056,-2.586739,1.7786665
C9V,False,10201.18,6w51-filtered,,F,1791447.0,-4.3654056,-2.8708267,1.4945788
C9P,False,1225.9,6w51-filtered,,F,1344987.0,-4.3654056,-4.664219,-0.29881334
C9G,False,2354.5,6w51-filtered,,F,1685557.0,-4.3654056,-1.5409571,2.8244486
C9W,False,1555.4,6w51-filtered,,F,1493992.0,-4.3654056,-3.8843567,0.48104882
C9R,False,2032.0,6w51-filtered,,F,1330179.0,-4.3654056,-3.6895127,0.67589283
C9H,False,4021.0,6w51-filtered,,F,1407895.0,-4.3654056,-3.8174691,0.54793644
C9K,False,1492.5,6w51-filtered,,F,1605012.0,-4.3654056,-4.3936133,-0.028207779
C9D,False,1473.3,6w51-filtered,,F,1359416.0,-4.3654056,-4.5904155,-0.22500992
C9E,False,1408.7,6w51-filtered,,F,1437652.0,-4.3654056,-4.7071714,-0.34176588
C9N,False,1409.0,6w51-filtered,,F,1459507.0,-4.3654056,-4.1632733,0.20213223
C9Q,False,1318.9,6w51-filtered,,F,1577636.5,-4.3654056,-4.2512546,0.114151
C9S,False,2275.0,6w51-filtered,,F,1707412.0,-4.3654056,-3.5027986,0.862607
C9T,False,4926.1,6w51-filtered,,F,1739096.5,-4.3654056,-3.137711,1.2276945
C9Y,False,4296.34,6w51-filtered,,F,1392335.5,-4.3654056,-4.184423,0.18098259
C9C,True,10596.0,6w51-filtered,,F,1666759.0,-4.3654056,-4.3654056,0.0
